{ "compressionlevel":-1,
 "height":21,
 "infinite":false,
 "layers":[
        {
         "data":[5, 16, 16, 16, 16, 16, 16, 16, 16, 16, 16, 16, 16, 16, 16, 16, 16, 16, 16, 16, 16, 16, 16, 16, 16, 16, 6, 10, 0, 0, 0, 0, 0, 0, 0, 0, 0, 0, 0, 0, 0, 0, 0, 0, 0, 0, 0, 0, 0, 0, 0, 0, 0, 8, 10, 0, 0, 0, 0, 0, 0, 0, 0, 0, 0, 0, 0, 0, 0, 0, 0, 0, 0, 0, 0, 0, 0, 0, 0, 0, 8, 10, 0, 0, 0, 0, 0, 0, 0, 0, 0, 0, 0, 0, 0, 0, 0, 0, 0, 0, 0, 0, 0, 0, 0, 0, 0, 8, 10, 0, 0, 0, 0, 0, 0, 0, 0, 0, 0, 0, 0, 0, 0, 0, 0, 0, 0, 0, 0, 0, 0, 0, 0, 0, 8, 10, 0, 0, 0, 0, 57, 59, 59, 59, 61, 0, 0, 0, 0, 0, 0, 0, 0, 0, 0, 0, 0, 0, 0, 0, 0, 8, 31, 24, 0, 0, 0, 0, 0, 0, 0, 0, 0, 0, 57, 59, 59, 22, 34, 23, 24, 59, 61, 0, 0, 0, 0, 0, 8, 10, 0, 0, 0, 0, 0, 0, 0, 0, 0, 0, 0, 0, 0, 0, 0, 0, 0, 0, 0, 0, 0, 0, 0, 0, 0, 8, 10, 0, 0, 0, 0, 0, 0, 0, 0, 0, 0, 0, 0, 0, 0, 0, 0, 0, 0, 0, 0, 0, 0, 0, 57, 57, 8, 10, 0, 0, 0, 0, 0, 0, 22, 23, 24, 0, 0, 0, 0, 0, 0, 0, 0, 0, 0, 0, 0, 0, 0, 0, 0, 27, 10, 0, 0, 0, 0, 0, 0, 0, 0, 0, 0, 0, 0, 0, 0, 0, 0, 0, 0, 0, 0, 0, 0, 0, 0, 0, 8, 10, 0, 0, 0, 0, 0, 0, 0, 0, 0, 0, 0, 0, 0, 57, 59, 59, 22, 24, 59, 61, 0, 0, 0, 0, 0, 8, 10, 31, 24, 61, 0, 0, 0, 0, 0, 0, 0, 0, 0, 0, 0, 0, 0, 0, 0, 0, 0, 0, 0, 0, 57, 57, 8, 10, 0, 0, 0, 0, 0, 0, 0, 0, 0, 0, 0, 0, 0, 0, 0, 0, 0, 0, 0, 0, 0, 0, 0, 0, 0, 8, 10, 0, 0, 0, 0, 0, 0, 0, 0, 0, 0, 0, 0, 0, 0, 0, 0, 0, 0, 0, 0, 0, 0, 0, 0, 0, 8, 10, 0, 0, 0, 0, 57, 59, 59, 59, 59, 61, 0, 0, 0, 0, 0, 0, 57, 59, 59, 59, 61, 0, 0, 0, 0, 8, 10, 0, 0, 0, 0, 0, 0, 0, 0, 0, 0, 0, 0, 0, 0, 0, 0, 0, 0, 0, 0, 0, 0, 0, 0, 0, 8, 10, 0, 0, 0, 0, 0, 0, 0, 0, 0, 0, 0, 0, 0, 0, 0, 0, 0, 0, 0, 0, 0, 0, 0, 0, 0, 8, 12, 2, 7, 3, 0, 0, 0, 0, 0, 0, 0, 0, 1, 2, 7, 3, 0, 0, 0, 0, 0, 0, 0, 1, 7, 2, 13, 9, 9, 9, 10, 0, 0, 0, 0, 0, 0, 0, 0, 8, 9, 9, 10, 0, 0, 0, 0, 0, 0, 0, 8, 9, 9, 9, 9, 9, 9, 12, 7, 2, 2, 7, 7, 2, 2, 2, 13, 5, 6, 10, 1, 2, 2, 7, 7, 2, 2, 13, 9, 9, 9],
         "height":21,
         "id":1,
         "name":"main layer",
         "opacity":1,
         "type":"tilelayer",
         "visible":true,
         "width":27,
         "x":0,
         "y":0
        }, 
        {
         "draworder":"topdown",
         "id":2,
         "name":"logic",
         "objects":[
                {
                 "height":0,
                 "id":1,
                 "name":"spawn",
                 "point":true,
                 "rotation":0,
                 "type":"",
                 "visible":true,
                 "width":0,
                 "x":75.666666666667,
                 "y":325
                }, 
                {
                 "height":0,
                 "id":2,
                 "name":"spawn",
                 "point":true,
                 "rotation":0,
                 "type":"",
                 "visible":true,
                 "width":0,
                 "x":529.166666666667,
                 "y":85
                }, 
                {
                 "height":0,
                 "id":3,
                 "name":"spawn",
                 "point":true,
                 "rotation":0,
                 "type":"",
                 "visible":true,
                 "width":0,
                 "x":82.833333333333,
                 "y":467.5
                }, 
                {
                 "height":0,
                 "id":4,
                 "name":"spawn",
                 "point":true,
                 "rotation":0,
                 "type":"",
                 "visible":true,
                 "width":0,
                 "x":245.984848484849,
                 "y":576.833333333333
                }, 
                {
                 "height":0,
                 "id":5,
                 "name":"spawn",
                 "point":true,
                 "rotation":0,
                 "type":"",
                 "visible":true,
                 "width":0,
                 "x":576.333333333333,
                 "y":288.333333333333
                }, 
                {
                 "height":0,
                 "id":58,
                 "name":"spawn",
                 "point":true,
                 "rotation":0,
                 "type":"",
                 "visible":true,
                 "width":0,
                 "x":644,
                 "y":569
                }],
         "opacity":1,
         "type":"objectgroup",
         "visible":true,
         "x":0,
         "y":0
        }, 
        {
         "draworder":"topdown",
         "id":4,
         "name":"decorations",
         "objects":[
                {
                 "gid":69,
                 "height":51,
                 "id":39,
                 "name":"pot",
                 "rotation":0,
                 "type":"",
                 "visible":true,
                 "width":48,
                 "x":132,
                 "y":638.583333333333
                }, 
                {
                 "gid":69,
                 "height":51,
                 "id":40,
                 "name":"pot",
                 "rotation":0,
                 "type":"",
                 "visible":true,
                 "width":48,
                 "x":781.659090909091,
                 "y":575.727272727272
                }, 
                {
                 "gid":64,
                 "height":51,
                 "id":41,
                 "name":"",
                 "rotation":0,
                 "type":"",
                 "visible":true,
                 "width":48,
                 "x":572.659090909091,
                 "y":639.810606060606
                }, 
                {
                 "gid":64,
                 "height":51,
                 "id":42,
                 "name":"",
                 "rotation":0,
                 "type":"",
                 "visible":true,
                 "width":48,
                 "x":332.840909090909,
                 "y":640.128787878788
                }, 
                {
                 "gid":64,
                 "height":51,
                 "id":43,
                 "name":"",
                 "rotation":0,
                 "type":"",
                 "visible":true,
                 "width":48,
                 "x":26.25,
                 "y":576.083333333333
                }, 
                {
                 "gid":64,
                 "height":51,
                 "id":44,
                 "name":"",
                 "rotation":0,
                 "type":"",
                 "visible":true,
                 "width":48,
                 "x":550.583333333333,
                 "y":352.75
                }, 
                {
                 "gid":69,
                 "height":51,
                 "id":45,
                 "name":"pot",
                 "rotation":0,
                 "type":"",
                 "visible":true,
                 "width":48,
                 "x":561.416666666667,
                 "y":192.125
                }, 
                {
                 "gid":64,
                 "height":51,
                 "id":46,
                 "name":"",
                 "rotation":0,
                 "type":"",
                 "visible":true,
                 "width":48,
                 "x":29.25,
                 "y":384.083333333333
                }, 
                {
                 "gid":64,
                 "height":51,
                 "id":47,
                 "name":"",
                 "rotation":0,
                 "type":"",
                 "visible":true,
                 "width":48,
                 "x":284.5,
                 "y":479.5
                }, 
                {
                 "gid":69,
                 "height":51,
                 "id":48,
                 "name":"pot",
                 "rotation":0,
                 "type":"",
                 "visible":true,
                 "width":48,
                 "x":17.5,
                 "y":192
                }, 
                {
                 "gid":69,
                 "height":51,
                 "id":49,
                 "name":"pot",
                 "rotation":0,
                 "type":"",
                 "visible":true,
                 "width":48,
                 "x":242,
                 "y":289.5
                }, 
                {
                 "gid":64,
                 "height":51,
                 "id":51,
                 "name":"",
                 "rotation":0,
                 "type":"",
                 "visible":true,
                 "width":48,
                 "x":435.916666666667,
                 "y":192.25
                }, 
                {
                 "gid":64,
                 "height":51,
                 "id":52,
                 "name":"",
                 "rotation":0,
                 "type":"",
                 "visible":true,
                 "width":48,
                 "x":779.458333333334,
                 "y":383.916666666667
                }, 
                {
                 "gid":64,
                 "height":51,
                 "id":57,
                 "name":"",
                 "rotation":0,
                 "type":"",
                 "visible":true,
                 "width":48,
                 "x":595.333333333333,
                 "y":479.333333333333
                }],
         "opacity":1,
         "type":"objectgroup",
         "visible":true,
         "x":0,
         "y":0
        }, 
        {
         "draworder":"topdown",
         "id":5,
         "name":"items",
         "objects":[
                {
                 "height":0,
                 "id":53,
                 "name":"muscet",
                 "point":true,
                 "rotation":0,
                 "type":"",
                 "visible":true,
                 "width":0,
                 "x":540.666666666667,
                 "y":163.5
                }, 
                {
                 "height":0,
                 "id":54,
                 "name":"muscet",
                 "point":true,
                 "rotation":0,
                 "type":"",
                 "visible":true,
                 "width":0,
                 "x":61.5,
                 "y":164.5
                }, 
                {
                 "height":0,
                 "id":55,
                 "name":"sword",
                 "point":true,
                 "rotation":0,
                 "type":"",
                 "visible":true,
                 "width":0,
                 "x":321.666666666667,
                 "y":263.333333333333
                }, 
                {
                 "height":0,
                 "id":56,
                 "name":"sword",
                 "point":true,
                 "rotation":0,
                 "type":"",
                 "visible":true,
                 "width":0,
                 "x":783.333333333333,
                 "y":215.333333333333
                }],
         "opacity":1,
         "type":"objectgroup",
         "visible":true,
         "x":0,
         "y":0
        }],
 "nextlayerid":6,
 "nextobjectid":59,
 "orientation":"orthogonal",
 "renderorder":"right-down",
 "tiledversion":"1.7.0",
 "tileheight":32,
 "tilesets":[
        {
         "columns":7,
         "firstgid":1,
         "image":"tileset.png",
         "imageheight":288,
         "imagewidth":224,
         "margin":0,
         "name":"tileset",
         "spacing":0,
         "tilecount":63,
         "tileheight":32,
         "tiles":[
                {
                 "id":56,
                 "type":"jumpthrough"
                }, 
                {
                 "id":58,
                 "type":"jumpthrough"
                }, 
                {
                 "id":60,
                 "type":"jumpthrough"
                }],
         "tilewidth":32
        }, 
        {
         "columns":5,
         "firstgid":64,
         "image":"decorations1.png",
         "imageheight":102,
         "imagewidth":240,
         "margin":0,
         "name":"decorations1",
         "spacing":0,
         "tilecount":10,
         "tileheight":51,
         "tilewidth":48
        }],
 "tilewidth":32,
 "type":"map",
 "version":"1.6",
 "width":27
}