{ "compressionlevel":-1,
 "height":25,
 "infinite":false,
 "layers":[
        {
         "draworder":"topdown",
         "id":3,
         "name":"Object Layer 1",
         "objects":[
                {
                 "height":92.6666666666667,
                 "id":1,
                 "name":"",
                 "rotation":0,
                 "type":"",
                 "visible":true,
                 "width":130,
                 "x":54,
                 "y":-31.3333333333333
                }, 
                {
                 "gid":1,
                 "height":51,
                 "id":2,
                 "name":"",
                 "rotation":0,
                 "type":"",
                 "visible":true,
                 "width":48,
                 "x":238,
                 "y":119.333333333333
                }, 
                {
                 "gid":8,
                 "height":51,
                 "id":3,
                 "name":"",
                 "rotation":0,
                 "type":"",
                 "visible":true,
                 "width":48,
                 "x":85,
                 "y":155
                }, 
                {
                 "ellipse":true,
                 "height":62.5,
                 "id":4,
                 "name":"",
                 "rotation":0,
                 "type":"",
                 "visible":true,
                 "width":76,
                 "x":287,
                 "y":25
                }],
         "opacity":1,
         "type":"objectgroup",
         "visible":true,
         "x":0,
         "y":0
        }],
 "nextlayerid":4,
 "nextobjectid":5,
 "orientation":"orthogonal",
 "renderorder":"right-down",
 "tiledversion":"1.4.3",
 "tileheight":8,
 "tilesets":[
        {
         "columns":5,
         "firstgid":1,
         "image":"decorations1.png",
         "imageheight":102,
         "imagewidth":240,
         "margin":0,
         "name":"decorations1",
         "spacing":0,
         "tilecount":10,
         "tileheight":51,
         "tilewidth":48
        }],
 "tilewidth":8,
 "type":"map",
 "version":1.4,
 "width":40
}